"NUTS3","Sigla","Territorio","Regione","Popolazione"
"IT","","Italia","",60244639
"ITC","","Nord-ovest","",16113972
"ITC1","","Piemonte","",4341375
"ITC11","TO","Torino","Piemonte",2252379
"ITC12","VC","Vercelli","Piemonte",170296
"ITC13","BI","Biella","Piemonte",174384
"ITC14","VB","Verbano-Cusio-Ossola","Piemonte",157455
"ITC15","NO","Novara","Piemonte",368040
"ITC16","CN","Cuneo","Piemonte",586568
"ITC17","AT","Asti","Piemonte",213216
"ITC18","AL","Alessandria","Piemonte",419037
"ITC2","","Val d'Aosta","",125501
"ITC20","AO","Aosta","Valle d'Aosta",125501
"ITC3","","Liguria","",1543127
"ITC31","IM","Imperia","Liguria",213919
"ITC32","SV","Savona","Liguria",274183
"ITC33","GE","Genova","Liguria",835829
"ITC34","SP","La Spezia","Liguria",219196
"ITC4","","Lombardia","",10103969
"ITC41","VA","Varese","Lombardia",892532
"ITC42","CO","Como","Lombardia",603828
"ITC43","LC","Lecco","Lombardia",337087
"ITC44","SO","Sondrio","Lombardia",180941
"ITC45","MI","Milano","Lombardia",3279944
"ITC46","BG","Bergamo","Lombardia",1116384
"ITC47","BS","Brescia","Lombardia",1268455
"ITC48","PV","Pavia","Lombardia",546515
"ITC49","LO","Lodi","Lombardia",230607
"ITC4A","CR","Cremona","Lombardia",358347
"ITC4B","MN","Mantova","Lombardia",411062
"ITD","","Nord-est","",11660998
"ITDA","","Trentino Alto Adige","",1074819
"ITD1","","Provincia Autonoma Bolzano / Bozen","",532080
"ITD10","BZ","Bolzano","P.A. Bolzano",532080
"ITD2","","Provincia Autonoma Trento","",542739
"ITD20","TN","Trento","P.A. Trento",542739
"ITD3","","Veneto","",4907704
"ITD31","VR","Verona","Veneto",930339
"ITD32","VI","Vicenza","Veneto",862363
"ITD33","BL","Belluno","Veneto",201972
"ITD34","TV","Treviso","Veneto",888309
"ITD35","VE","Venezia","Veneto",851663
"ITD36","PD","Padova","Veneto",939672
"ITD37","RO","Rovigo","Veneto",233386
"ITD4","","Friuli-Venezia Giulia","",1211357
"ITD41","PN","Pordenone","Friuli Venezia Giulia",312619
"ITD42","UD","Udine","Friuli Venezia Giulia",526256
"ITD43","GO","Gorizia","Friuli Venezia Giulia",139206
"ITD44","TS","Trieste","Friuli Venezia Giulia",233276
"ITD5","","Emilia-Romagna","",4467118
"ITD51","PC","Piacenza","Emilia-Romagna",287236
"ITD52","PR","Parma","Emilia-Romagna",453930
"ITD53","RE","Reggio nell'Emilia","Emilia-Romagna",531751
"ITD54","MO","Modena","Emilia-Romagna",707292
"ITD55","BO","Bologna","Emilia-Romagna",1017806
"ITD56","FE","Ferrara","Emilia-Romagna",344840
"ITD57","RA","Ravenna","Emilia-Romagna",389634
"ITD58","FC","Forl√¨-Cesena","Emilia-Romagna",394833
"ITD59","RN","Rimini","Emilia-Romagna",339796
"ITE","","Centro","",11986958
"ITE1","","Toscana","",3722729
"ITE11","MS","Massa Carrara","Toscana",193934
"ITE12","LU","Lucca","Toscana",388678
"ITE13","PT","Pistoia","Toscana",293059
"ITE14","FI","Firenze","Toscana",1004298
"ITE15","PO","Prato","Toscana",258152
"ITE16","LI","Livorno","Toscana",333509
"ITE17","PI","Pisa","Toscana",422310
"ITE18","AR","Arezzo","Toscana",341766
"ITE19","SI","Siena","Toscana",266238
"ITE1A","GR","Grosseto","Toscana",220785
"ITE2","","Umbria","",880285
"ITE21","PG","Perugia","Umbria",655403
"ITE22","TR","Terni","Umbria",224882
"ITE3","","Marche","",1518400
"ITE31","PU","Pesaro e Urbino","Marche",357137
"ITE32","AN","Ancona","Marche",469750
"ITE33","MC","Macerata","Marche",312146
"ITE34","AP","Ascoli Piceno","Marche",206363
"ITE4","","Lazio","",5865544
"ITE41","VT","Viterbo","Lazio",316142
"ITE42","RI","Rieti","Lazio",154232
"ITE43","RM","Roma","Lazio",4333274
"ITE44","LT","Latina","Lazio",576655
"ITE45","FR","Frosinone","Lazio",485241
"ITF","","Sud","",13883827
"ITF1","","Abruzzo","",1305770
"ITF11","AQ","L'Aquila","Abruzzo",296491
"ITF12","TE","Teramo","Abruzzo",307412
"ITF13","PE","Pescara","Abruzzo",318678
"ITF14","CH","Chieti","Abruzzo",383189
"ITF2","","Molise","",302265
"ITF21","IS","Isernia","Molise",83586
"ITF22","CB","Campobasso","Molise",218679
"ITF3","","Campania","",5785861
"ITF31","CE","Caserta","Campania",922171
"ITF32","BN","Benevento","Campania",274080
"ITF33","NA","Napoli","Campania",3082905
"ITF34","AV","Avellino","Campania",413926
"ITF35","SA","Salerno","Campania",1092779
"ITF4","","Puglia","",4008296
"ITF41","FG","Foggia","Puglia",616310
"ITF42","BA","Bari","Puglia",1249246
"ITF43","TA","Taranto","Puglia",572772
"ITF44","BR","Brindisi","Puglia",390456
"ITF45","LE","Lecce","Puglia",791122
"ITF5","","Basilicata","",556934
"ITF51","PZ","Potenza","Basilicata",360936
"ITF52","MT","Matera","Basilicata",195998
"ITF6","","Calabria","",1924701
"ITF61","CS","Cosenza","Calabria",700385
"ITF62","KR","Crotone","Calabria",170718
"ITF63","CZ","Catanzaro","Calabria",354851
"ITF64","VV","Vibo Valentia","Calabria",157469
"ITF65","RC","Reggio di Calabria","Calabria",541278
"ITG","","Isole","",6598884
"ITG1","","Sicilia","",4968410
"ITG11","TP","Trapani","Sicilia",428377
"ITG12","PA","Palermo","Sicilia",1243328
"ITG13","ME","Messina","Sicilia",620721
"ITG15","CL","Caltanissetta","Sicilia",260779
"ITG16","EN","Enna","Sicilia",162368
"ITG17","CT","Catania","Sicilia",1104974
"ITG18","RG","Ragusa","Sicilia",321215
"ITG2","","Sardegna","",1630474
"ITG25","SS","Sassari","Sardegna",489634
"ITG26","NU","Nuoro","Sardegna",206843
"ITG27","CA","Cagliari","Sardegna",430914
"IT109","FM","Fermo","Marche",173004
"IT110","BT","Barletta-Andria-Trani","Puglia",388390
"ITG14","AG","Agrigento","Sicilia",429611
"ITG19","SR","Siracusa","Sicilia",397037
"ITG28","OR","Oristano","Sardegna",156078
"IT108","MB","Monza e della Brianza","Lombardia",878267
"IT111","SU","Sud Sardegna","Sardegna",347005
